标识;名称;属性描述;描述;属性类型与数值;图标;类型;掉落关卡;金币卖价;品质;使用等级
id;name;attributeDesc;Desc2;attributes;icon;type;drop_duplication;sell_price;color;usable_level
100001;goods_name_100001;goods_desc1_100001;goods_desc2_100001;[54,0,4,0,0,0];icon_equip_0001;1;[500001,500002,500003];100;1;1
100002;goods_name_100002;goods_desc1_100002;goods_desc2_100002;[37,0,4,0,0,0];icon_equip_0001;1;[500001,500002,500003];100;1;1
100003;goods_name_100003;goods_desc1_100003;goods_desc2_100003;[34,0,6,0,0,0];icon_equip_0001;1;[500001,500002,500003];100;1;1
100004;goods_name_100004;goods_desc1_100004;goods_desc2_100004;[68,0,5,0,0,0];icon_equip_0001;1;[500001,500002,500003];100;2;1
100005;goods_name_100005;goods_desc1_100005;goods_desc2_100005;[47,0,5,0,0,0];icon_equip_0001;1;[500001,500002,500003];100;2;1
100006;goods_name_100006;goods_desc1_100006;goods_desc2_100006;[43,0,8,0,0,0];icon_equip_0001;1;[500001,500002,500003];100;2;1
100007;goods_name_100007;goods_desc1_100007;goods_desc2_100007;[111,0,8,0,0,0];icon_equip_0001;1;[500001,500002,500003];100;2;1
100008;goods_name_100008;goods_desc1_100008;goods_desc2_100008;[77,0,9,0,0,0];icon_equip_0001;1;[500001,500002,500003];100;2;1
100009;goods_name_100009;goods_desc1_100009;goods_desc2_100009;[71,0,14,0,0,0];icon_equip_0001;1;[500001,500002,500003];100;2;1
100010;goods_name_100010;goods_desc1_100010;goods_desc2_100010;[161,0,12,0,0,0];icon_equip_0001;1;[500001,500002,500003];100;3;1
100011;goods_name_100011;goods_desc1_100011;goods_desc2_100011;[112,0,13,0,0,0];icon_equip_0001;1;[500001,500002,500003];100;3;1
100012;goods_name_100012;goods_desc1_100012;goods_desc2_100012;[103,0,20,0,0,0];icon_equip_0001;1;[500001,500002,500003];100;3;1
100013;goods_name_100013;goods_desc1_100013;goods_desc2_100013;[247,0,19,0,0,0];icon_equip_0001;1;[500001,500002,500003];100;3;1
100014;goods_name_100014;goods_desc1_100014;goods_desc2_100014;[172,0,21,0,0,0];icon_equip_0001;1;[500001,500002,500003];100;3;1
100015;goods_name_100015;goods_desc1_100015;goods_desc2_100015;[158,0,31,0,0,0];icon_equip_0001;1;[500001,500002,500003];100;3;1
100016;goods_name_100016;goods_desc1_100016;goods_desc2_100016;[369,0,28,0,0,0];icon_equip_0001;1;[500001,500002,500003];100;3;1
100017;goods_name_100017;goods_desc1_100017;goods_desc2_100017;[257,0,31,0,0,0];icon_equip_0001;1;[500001,500002,500003];100;3;1
100018;goods_name_100018;goods_desc1_100018;goods_desc2_100018;[236,0,47,0,0,0];icon_equip_0001;1;[500001,500002,500003];100;3;1
100019;goods_name_100019;goods_desc1_100019;goods_desc2_100019;[558,0,42,0,0,0];icon_equip_0001;1;[500001,500002,500003];100;4;1
100020;goods_name_100020;goods_desc1_100020;goods_desc2_100020;[388,0,47,0,0,0];icon_equip_0001;1;[500001,500002,500003];100;4;1
100021;goods_name_100021;goods_desc1_100021;goods_desc2_100021;[356,0,71,0,0,0];icon_equip_0001;1;[500001,500002,500003];100;4;1
100022;goods_name_100022;goods_desc1_100022;goods_desc2_100022;[838,0,64,0,0,0];icon_equip_0001;1;[500001,500002,500003];100;4;1
100023;goods_name_100023;goods_desc1_100023;goods_desc2_100023;[583,0,71,0,0,0];icon_equip_0001;1;[500001,500002,500003];100;4;1
100024;goods_name_100024;goods_desc1_100024;goods_desc2_100024;[536,0,107,0,0,0];icon_equip_0001;1;[500001,500002,500003];100;4;1
100025;goods_name_100025;goods_desc1_100025;goods_desc2_100025;[1262,0,96,0,0,0];icon_equip_0001;1;[500001,500002,500003];100;4;1
100026;goods_name_100026;goods_desc1_100026;goods_desc2_100026;[878,0,108,0,0,0];icon_equip_0001;1;[500001,500002,500003];100;4;1
100027;goods_name_100027;goods_desc1_100027;goods_desc2_100027;[807,0,161,0,0,0];icon_equip_0001;1;[500001,500002,500003];100;4;1
100028;goods_name_100028;goods_desc1_100028;goods_desc2_100028;[1899,0,145,0,0,0];icon_equip_0001;1;[500001,500002,500003];100;4;1
100029;goods_name_100029;goods_desc1_100029;goods_desc2_100029;[1321,0,162,0,0,0];icon_equip_0002;1;[500001,500002,500003];100;4;1
100030;goods_name_100030;goods_desc1_100030;goods_desc2_100030;[1214,0,242,0,0,0];icon_equip_0002;1;[500001,500002,500003];100;4;1
100031;goods_name_100031;goods_desc1_100031;goods_desc2_100031;[31,4,0,0,0,0];icon_equip_0002;1;[500001,500002,500003];100;4;1
100032;goods_name_100032;goods_desc1_100032;goods_desc2_100032;[21,5,0,0,0,0];icon_equip_0002;1;[500001,500002,500003];100;4;1
100033;goods_name_100033;goods_desc1_100033;goods_desc2_100033;[19,3,0,0,0,0];icon_equip_0002;1;[500001,500002,500003];100;4;1
100034;goods_name_100034;goods_desc1_100034;goods_desc2_100034;[38,6,0,0,0,0];icon_equip_0002;1;[500001,500002,500003];100;5;1
100035;goods_name_100035;goods_desc1_100035;goods_desc2_100035;[27,6,0,0,0,0];icon_equip_0002;1;[500001,500002,500003];100;5;1
100036;goods_name_100036;goods_desc1_100036;goods_desc2_100036;[24,4,0,0,0,0];icon_equip_0002;1;[500001,500002,500003];100;5;1
100037;goods_name_100037;goods_desc1_100037;goods_desc2_100037;[63,10,0,0,0,0];icon_equip_0002;1;[500001,500002,500003];100;5;1
100038;goods_name_100038;goods_desc1_100038;goods_desc2_100038;[44,10,0,0,0,0];icon_equip_0002;1;[500001,500002,500003];100;5;1
100039;goods_name_100039;goods_desc1_100039;goods_desc2_100039;[40,7,0,0,0,0];icon_equip_0002;1;[500001,500002,500003];100;5;1
100040;goods_name_100040;goods_desc1_100040;goods_desc2_100040;[92,14,0,0,0,0];icon_equip_0002;1;[500001,500002,500003];100;5;1
100041;goods_name_100041;goods_desc1_100041;goods_desc2_100041;[64,15,0,0,0,0];icon_equip_0002;1;[500001,500002,500003];100;5;1
100042;goods_name_100042;goods_desc1_100042;goods_desc2_100042;[59,10,0,0,0,0];icon_equip_0002;1;[500001,500002,500003];100;5;1
100043;goods_name_100043;goods_desc1_100043;goods_desc2_100043;[141,22,0,0,0,0];icon_equip_0002;1;[500001,500002,500003];100;5;1
100044;goods_name_100044;goods_desc1_100044;goods_desc2_100044;[98,23,0,0,0,0];icon_equip_0002;1;[500001,500002,500003];100;5;1
100045;goods_name_100045;goods_desc1_100045;goods_desc2_100045;[90,16,0,0,0,0];icon_equip_0002;1;[500001,500002,500003];100;5;1
100046;goods_name_100046;goods_desc1_100046;goods_desc2_100046;[211,33,0,0,0,0];icon_equip_0002;1;[500001,500002,500003];100;5;1
100047;goods_name_100047;goods_desc1_100047;goods_desc2_100047;[146,35,0,0,0,0];icon_equip_0002;1;[500001,500002,500003];100;5;1
100048;goods_name_100048;goods_desc1_100048;goods_desc2_100048;[135,24,0,0,0,0];icon_equip_0002;1;[500001,500002,500003];100;5;1
100049;goods_name_100049;goods_desc1_100049;goods_desc2_100049;[318,51,0,0,0,0];icon_equip_0002;1;[500001,500002,500003];100;5;1
100050;goods_name_100050;goods_desc1_100050;goods_desc2_100050;[221,53,0,0,0,0];icon_equip_0002;1;[500001,500002,500003];100;5;1
100051;goods_name_100051;goods_desc1_100051;goods_desc2_100051;[203,37,0,0,0,0];icon_equip_0002;1;[500001,500002,500003];100;5;1
100052;goods_name_100052;goods_desc1_100052;goods_desc2_100052;[479,77,0,0,0,0];icon_equip_0002;1;[500001,500002,500003];100;5;1
100053;goods_name_100053;goods_desc1_100053;goods_desc2_100053;[333,80,0,0,0,0];icon_equip_0002;1;[500001,500002,500003];100;5;1
100054;goods_name_100054;goods_desc1_100054;goods_desc2_100054;[306,55,0,0,0,0];icon_equip_0002;1;[500001,500002,500003];100;5;1
100055;goods_name_100055;goods_desc1_100055;goods_desc2_100055;[721,115,0,0,0,0];icon_equip_0002;1;[500001,500002,500003];100;5;1
100056;goods_name_100056;goods_desc1_100056;goods_desc2_100056;[501,121,0,0,0,0];icon_equip_0002;1;[500001,500002,500003];100;5;1
100057;goods_name_100057;goods_desc1_100057;goods_desc2_100057;[461,84,0,0,0,0];icon_equip_0002;1;[500001,500002,500003];100;5;1
100058;goods_name_100058;goods_desc1_100058;goods_desc2_100058;[1085,174,0,0,0,0];icon_equip_0002;1;[500001,500002,500003];100;5;1
100059;goods_name_100059;goods_desc1_100059;goods_desc2_100059;[754,183,0,0,0,0];icon_equip_0002;1;[500001,500002,500003];100;5;1
100060;goods_name_100060;goods_desc1_100060;goods_desc2_100060;[694,126,0,0,0,0];icon_equip_0002;1;[500001,500002,500003];100;5;1
100061;goods_name_100061;goods_desc1_100061;goods_desc2_100061;[38,0,6,0,0,0];icon_equip_0002;1;[500001,500002,500003];100;5;1
100062;goods_name_100062;goods_desc1_100062;goods_desc2_100062;[27,0,7,0,0,0];icon_equip_0002;1;[500001,500002,500003];100;5;1
100063;goods_name_100063;goods_desc1_100063;goods_desc2_100063;[24,0,10,0,0,0];icon_equip_0002;1;[500001,500002,500003];100;5;1
100064;goods_name_100064;goods_desc1_100064;goods_desc2_100064;[48,0,7,0,0,0];icon_equip_0002;1;[500001,500002,500003];100;5;1
100065;goods_name_100065;goods_desc1_100065;goods_desc2_100065;[33,0,8,0,0,0];icon_equip_0002;1;[500001,500002,500003];100;5;1
100066;goods_name_100066;goods_desc1_100066;goods_desc2_100066;[31,0,13,0,0,0];icon_equip_0002;1;[500001,500002,500003];100;5;1
100067;goods_name_100067;goods_desc1_100067;goods_desc2_100067;[79,0,12,0,0,0];icon_equip_0002;1;[500001,500002,500003];100;5;1
100068;goods_name_100068;goods_desc1_100068;goods_desc2_100068;[55,0,14,0,0,0];icon_equip_0002;1;[500001,500002,500003];100;5;1
100069;goods_name_100069;goods_desc1_100069;goods_desc2_100069;[50,0,21,0,0,0];icon_equip_0002;1;[500001,500002,500003];100;5;1
100070;goods_name_100070;goods_desc1_100070;goods_desc2_100070;[115,0,18,0,0,0];icon_equip_0002;1;[500001,500002,500003];100;5;1
100071;goods_name_100071;goods_desc1_100071;goods_desc2_100071;[80,0,20,0,0,0];icon_equip_0002;1;[500001,500002,500003];100;5;1
100072;goods_name_100072;goods_desc1_100072;goods_desc2_100072;[73,0,31,0,0,0];icon_equip_0002;1;[500001,500002,500003];100;5;1
100073;goods_name_100073;goods_desc1_100073;goods_desc2_100073;[176,0,28,0,0,0];icon_equip_0002;1;[500001,500002,500003];100;5;1
100074;goods_name_100074;goods_desc1_100074;goods_desc2_100074;[123,0,31,0,0,0];icon_equip_0002;1;[500001,500002,500003];100;5;1
100075;goods_name_100075;goods_desc1_100075;goods_desc2_100075;[113,0,47,0,0,0];icon_equip_0002;1;[500001,500002,500003];100;5;1
100076;goods_name_100076;goods_desc1_100076;goods_desc2_100076;[264,0,42,0,0,0];icon_equip_0002;1;[500001,500002,500003];100;5;1
100077;goods_name_100077;goods_desc1_100077;goods_desc2_100077;[183,0,47,0,0,0];icon_equip_0002;1;[500001,500002,500003];100;5;1
100078;goods_name_100078;goods_desc1_100078;goods_desc2_100078;[168,0,70,0,0,0];icon_equip_0002;1;[500001,500002,500003];100;5;1
100079;goods_name_100079;goods_desc1_100079;goods_desc2_100079;[398,0,64,0,0,0];icon_equip_0002;1;[500001,500002,500003];100;5;1
100080;goods_name_100080;goods_desc1_100080;goods_desc2_100080;[277,0,71,0,0,0];icon_equip_0002;1;[500001,500002,500003];100;5;1
100081;goods_name_100081;goods_desc1_100081;goods_desc2_100081;[254,0,107,0,0,0];icon_equip_0002;1;[500001,500002,500003];100;5;1
100082;goods_name_100082;goods_desc1_100082;goods_desc2_100082;[599,0,96,0,0,0];icon_equip_0002;1;[500001,500002,500003];100;5;1
100083;goods_name_100083;goods_desc1_100083;goods_desc2_100083;[416,0,107,0,0,0];icon_equip_0002;1;[500001,500002,500003];100;5;1
100084;goods_name_100084;goods_desc1_100084;goods_desc2_100084;[383,0,160,0,0,0];icon_equip_0002;1;[500001,500002,500003];100;5;1
100085;goods_name_100085;goods_desc1_100085;goods_desc2_100085;[901,0,145,0,0,0];icon_equip_0002;1;[500001,500002,500003];100;5;1
100086;goods_name_100086;goods_desc1_100086;goods_desc2_100086;[627,0,162,0,0,0];icon_equip_0002;1;[500001,500002,500003];100;5;1
100087;goods_name_100087;goods_desc1_100087;goods_desc2_100087;[576,0,242,0,0,0];icon_equip_0002;1;[500001,500002,500003];100;5;1
100088;goods_name_100088;goods_desc1_100088;goods_desc2_100088;[1356,0,218,0,0,0];icon_equip_0002;1;[500001,500002,500003];100;5;1
100089;goods_name_100089;goods_desc1_100089;goods_desc2_100089;[943,0,244,0,0,0];icon_equip_0002;1;[500001,500002,500003];100;5;1
100090;goods_name_100090;goods_desc1_100090;goods_desc2_100090;[867,0,364,0,0,0];icon_equip_0002;1;[500001,500002,500003];100;5;1
100091;goods_name_100091;goods_desc1_100091;goods_desc2_100091;[0,0,0,1,0,0];icon_equip_0003;1;[500001,500002,500003];100;5;1
100092;goods_name_100092;goods_desc1_100092;goods_desc2_100092;[0,0,0,2,0,0];icon_equip_0003;1;[500001,500002,500003];100;5;1
100093;goods_name_100093;goods_desc1_100093;goods_desc2_100093;[0,0,0,4,0,0];icon_equip_0003;1;[500001,500002,500003];100;5;1
100094;goods_name_100094;goods_desc1_100094;goods_desc2_100094;[0,0,0,3,0,0];icon_equip_0003;1;[500001,500002,500003];100;5;1
100095;goods_name_100095;goods_desc1_100095;goods_desc2_100095;[0,0,0,6,0,0];icon_equip_0003;1;[500001,500002,500003];100;5;1
100096;goods_name_100096;goods_desc1_100096;goods_desc2_100096;[0,0,0,5,0,0];icon_equip_0003;1;[500001,500002,500003];100;5;1
100097;goods_name_100097;goods_desc1_100097;goods_desc2_100097;[0,0,0,9,0,0];icon_equip_0003;1;[500001,500002,500003];100;5;1
100098;goods_name_100098;goods_desc1_100098;goods_desc2_100098;[0,0,0,8,0,0];icon_equip_0003;1;[500001,500002,500003];100;5;1
100099;goods_name_100099;goods_desc1_100099;goods_desc2_100099;[0,0,0,13,0,0];icon_equip_0003;1;[500001,500002,500003];100;5;1
100100;goods_name_100100;goods_desc1_100100;goods_desc2_100100;[0,0,0,12,0,0];icon_equip_0003;1;[500001,500002,500003];100;5;1
100101;goods_name_100101;goods_desc1_100101;goods_desc2_100101;[0,0,0,20,0,0];icon_equip_0003;1;[500001,500002,500003];100;5;1
100102;goods_name_100102;goods_desc1_100102;goods_desc2_100102;[0,0,0,19,0,0];icon_equip_0003;1;[500001,500002,500003];100;5;1
100103;goods_name_100103;goods_desc1_100103;goods_desc2_100103;[0,0,0,31,0,0];icon_equip_0003;1;[500001,500002,500003];100;5;1
100104;goods_name_100104;goods_desc1_100104;goods_desc2_100104;[0,0,0,29,0,0];icon_equip_0003;1;[500001,500002,500003];100;5;1
100105;goods_name_100105;goods_desc1_100105;goods_desc2_100105;[0,0,0,28,0,0];icon_equip_0003;1;[500001,500002,500003];100;5;1
100106;goods_name_100106;goods_desc1_100106;goods_desc2_100106;[0,0,0,47,0,0];icon_equip_0003;1;[500001,500002,500003];100;5;1
100107;goods_name_100107;goods_desc1_100107;goods_desc2_100107;[0,0,0,44,0,0];icon_equip_0003;1;[500001,500002,500003];100;5;1
100108;goods_name_100108;goods_desc1_100108;goods_desc2_100108;[0,0,0,43,0,0];icon_equip_0003;1;[500001,500002,500003];100;5;1
100109;goods_name_100109;goods_desc1_100109;goods_desc2_100109;[0,0,0,0,1,1];icon_equip_0003;1;[500001,500002,500003];100;5;1
100110;goods_name_100110;goods_desc1_100110;goods_desc2_100110;[0,0,0,0,3,3];icon_equip_0003;1;[500001,500002,500003];100;5;1
100111;goods_name_100111;goods_desc1_100111;goods_desc2_100111;[0,0,0,0,2,2];icon_equip_0003;1;[500001,500002,500003];100;5;1
100112;goods_name_100112;goods_desc1_100112;goods_desc2_100112;[0,0,0,0,6,6];icon_equip_0003;1;[500001,500002,500003];100;5;1
100113;goods_name_100113;goods_desc1_100113;goods_desc2_100113;[0,0,0,0,5,5];icon_equip_0004;1;[500001,500002,500003];100;5;1
100114;goods_name_100114;goods_desc1_100114;goods_desc2_100114;[0,0,0,0,8,8];icon_equip_0004;1;[500001,500002,500003];100;5;1
100115;goods_name_100115;goods_desc1_100115;goods_desc2_100115;[0,0,0,0,13,13];icon_equip_0004;1;[500001,500002,500003];100;5;1
100116;goods_name_100116;goods_desc1_100116;goods_desc2_100116;[0,0,0,0,12,12];icon_equip_0004;1;[500001,500002,500003];100;5;1
100117;goods_name_100117;goods_desc1_100117;goods_desc2_100117;[0,0,0,0,20,20];icon_equip_0004;1;[500001,500002,500003];100;5;1
100118;goods_name_100118;goods_desc1_100118;goods_desc2_100118;[0,0,0,0,18,18];icon_equip_0005;1;[500001,500002,500003];100;5;1
100119;goods_name_100119;goods_desc1_100119;goods_desc2_100119;[0,0,0,0,30,30];icon_equip_0005;1;[500001,500002,500003];100;5;1
100120;goods_name_100120;goods_desc1_100120;goods_desc2_100120;[0,0,0,0,27,27];icon_equip_0005;1;[500001,500002,500003];100;5;1
100121;goods_name_100121;goods_desc1_100121;goods_desc2_100121;[0,0,0,0,46,46];icon_equip_0005;1;[500001,500002,500003];100;5;1
100122;goods_name_100122;goods_desc1_100122;goods_desc2_100122;[0,0,0,0,42,42];icon_equip_0005;1;[500001,500002,500003];100;5;1
100123;goods_name_100123;goods_desc1_100123;goods_desc2_100123;[0,0,0,0,69,69];icon_equip_0005;1;[500001,500002,500003];100;5;1
100124;goods_name_100124;goods_desc1_100124;goods_desc2_100124;[0,0,0,0,63,63];icon_equip_0005;1;[500001,500002,500003];100;5;1
100125;goods_name_100125;goods_desc1_100125;goods_desc2_100125;[0,0,0,0,104,104];icon_equip_0005;1;[500001,500002,500003];100;5;1
100126;goods_name_100126;goods_desc1_100126;goods_desc2_100126;[0,0,0,0,45,45];icon_equip_0005;1;[500001,500002,500003];100;5;1
100127;goods_name_100127;goods_desc1_100127;goods_desc2_100127;[0,0,0,0,45,45];icon_equip_0005;1;[500001,500002,500003];100;5;1
100128;goods_name_100128;goods_desc1_100128;goods_desc2_100128;[0,0,0,0,45,45];icon_equip_0005;1;[500001,500002,500003];100;5;1
100129;goods_name_100129;goods_desc1_100129;goods_desc2_100129;[0,0,0,0,45,45];icon_equip_0005;1;[500001,500002,500003];100;5;1
100130;goods_name_100130;goods_desc1_100130;goods_desc2_100130;[0,0,0,0,45,45];icon_equip_0005;1;[500001,500002,500003];100;5;1
100131;goods_name_100131;goods_desc1_100131;goods_desc2_100131;[0,0,0,0,45,45];icon_equip_0005;1;[500001,500002,500003];100;5;1
100132;goods_name_100132;goods_desc1_100132;goods_desc2_100132;[0,0,0,0,45,45];icon_equip_0005;1;[500001,500002,500003];100;5;1
100133;goods_name_100133;goods_desc1_100133;goods_desc2_100133;[0,0,0,0,45,45];icon_equip_0005;1;[500001,500002,500003];100;5;1
100134;goods_name_100134;goods_desc1_100134;goods_desc2_100134;[0,0,0,0,45,45];icon_equip_0005;1;[500001,500002,500003];100;5;1
100135;goods_name_100135;goods_desc1_100135;goods_desc2_100135;[0,0,0,0,45,45];icon_equip_0005;1;[500001,500002,500003];100;5;1
100136;goods_name_100136;goods_desc1_100136;goods_desc2_100136;[0,0,0,0,45,45];icon_equip_0005;1;[500001,500002,500003];100;5;1
100137;goods_name_100137;goods_desc1_100137;goods_desc2_100137;[0,0,0,0,45,45];icon_equip_0005;1;[500001,500002,500003];100;5;1
100138;goods_name_100138;goods_desc1_100138;goods_desc2_100138;[0,0,0,0,45,45];icon_equip_0005;1;[500001,500002,500003];100;5;1
100139;goods_name_100139;goods_desc1_100139;goods_desc2_100139;[0,0,0,0,45,45];icon_equip_0005;1;[500001,500002,500003];100;5;1
100140;goods_name_100140;goods_desc1_100140;goods_desc2_100140;[0,0,0,0,45,45];icon_equip_0005;1;[500001,500002,500003];100;5;1
100141;goods_name_100141;goods_desc1_100141;goods_desc2_100141;[0,0,0,0,45,45];icon_equip_0005;1;[500001,500002,500003];100;5;1
100142;goods_name_100142;goods_desc1_100142;goods_desc2_100142;[0,0,0,0,45,45];icon_equip_0005;1;[500001,500002,500003];100;5;1
100143;goods_name_100143;goods_desc1_100143;goods_desc2_100143;[0,0,0,0,45,45];icon_equip_0005;1;[500001,500002,500003];100;5;1
100144;goods_name_100144;goods_desc1_100144;goods_desc2_100144;[0,0,0,0,45,45];icon_equip_0005;1;[500001,500002,500003];100;5;1
100145;goods_name_100145;goods_desc1_100145;goods_desc2_100145;[0,0,0,0,45,45];icon_equip_0005;1;[500001,500002,500003];100;5;1
100146;goods_name_100146;goods_desc1_100146;goods_desc2_100146;[0,0,0,0,45,45];icon_equip_0005;1;[500001,500002,500003];100;5;1
100147;goods_name_100147;goods_desc1_100147;goods_desc2_100147;[0,0,0,0,45,45];icon_equip_0005;1;[500001,500002,500003];100;5;1
100148;goods_name_100148;goods_desc1_100148;goods_desc2_100148;[0,0,0,0,45,45];icon_equip_0005;1;[500001,500002,500003];100;5;1
100149;goods_name_100149;goods_desc1_100149;goods_desc2_100149;[0,0,0,0,45,45];icon_equip_0005;1;[500001,500002,500003];100;5;1
100150;goods_name_100150;goods_desc1_100150;goods_desc2_100150;[0,0,0,0,45,45];icon_equip_0005;1;[500001,500002,500003];100;5;1
100151;goods_name_100151;goods_desc1_100151;goods_desc2_100151;[0,0,0,0,45,45];icon_equip_0005;1;[500001,500002,500003];100;5;1
100152;goods_name_100152;goods_desc1_100152;goods_desc2_100152;[0,0,0,0,45,45];icon_equip_0005;1;[500001,500002,500003];100;5;1
100153;goods_name_100153;goods_desc1_100153;goods_desc2_100153;[0,0,0,0,45,45];icon_equip_0005;1;[500001,500002,500003];100;5;1
100154;goods_name_100154;goods_desc1_100154;goods_desc2_100154;[0,0,0,0,45,45];icon_equip_0005;1;[500001,500002,500003];100;5;1
100155;goods_name_100155;goods_desc1_100155;goods_desc2_100155;[0,0,0,0,45,45];icon_equip_0005;1;[500001,500002,500003];100;5;1
100156;goods_name_100156;goods_desc1_100156;goods_desc2_100156;[0,0,0,0,45,45];icon_equip_0005;1;[500001,500002,500003];100;5;1
100157;goods_name_100157;goods_desc1_100157;goods_desc2_100157;[0,0,0,0,45,45];icon_equip_0005;1;[500001,500002,500003];100;5;1
100158;goods_name_100158;goods_desc1_100158;goods_desc2_100158;[0,0,0,0,45,45];icon_equip_0005;1;[500001,500002,500003];100;5;1
100159;goods_name_100159;goods_desc1_100159;goods_desc2_100159;[0,0,0,0,45,45];icon_equip_0005;1;[500001,500002,500003];100;5;1
100160;goods_name_100160;goods_desc1_100160;goods_desc2_100160;[0,0,0,0,45,45];icon_equip_0005;1;[500001,500002,500003];100;5;1
100161;goods_name_100161;goods_desc1_100161;goods_desc2_100161;[0,0,0,0,45,45];icon_equip_0005;1;[500001,500002,500003];100;5;1
100162;goods_name_100162;goods_desc1_100162;goods_desc2_100162;[0,0,0,0,45,45];icon_equip_0005;1;[500001,500002,500003];100;5;1
100163;goods_name_100163;goods_desc1_100163;goods_desc2_100163;[0,0,0,0,45,45];icon_equip_0005;1;[500001,500002,500003];100;5;1
100164;goods_name_100164;goods_desc1_100164;goods_desc2_100164;[0,0,0,0,45,45];icon_equip_0005;1;[500001,500002,500003];100;5;1
100165;goods_name_100165;goods_desc1_100165;goods_desc2_100165;[0,0,0,0,45,45];icon_equip_0005;1;[500001,500002,500003];100;5;1
100166;goods_name_100166;goods_desc1_100166;goods_desc2_100166;[0,0,0,0,45,45];icon_equip_0005;1;[500001,500002,500003];100;5;1
100167;goods_name_100167;goods_desc1_100167;goods_desc2_100167;[0,0,0,0,45,45];icon_equip_0005;1;[500001,500002,500003];100;5;1
100168;goods_name_100168;goods_desc1_100168;goods_desc2_100168;[0,0,0,0,45,45];icon_equip_0005;1;[500001,500002,500003];100;5;1
100169;goods_name_100169;goods_desc1_100169;goods_desc2_100169;[0,0,0,0,45,45];icon_equip_0005;1;[500001,500002,500003];100;5;1
100170;goods_name_100170;goods_desc1_100170;goods_desc2_100170;[0,0,0,0,45,45];icon_equip_0005;1;[500001,500002,500003];100;5;1
100171;goods_name_100171;goods_desc1_100171;goods_desc2_100171;[0,0,0,0,45,45];icon_equip_0005;1;[500001,500002,500003];100;5;1
100172;goods_name_100172;goods_desc1_100172;goods_desc2_100172;[0,0,0,0,45,45];icon_equip_0005;1;[500001,500002,500003];100;5;1
100173;goods_name_100173;goods_desc1_100173;goods_desc2_100173;[0,0,0,0,45,45];icon_equip_0005;1;[500001,500002,500003];100;5;1
100174;goods_name_100174;goods_desc1_100174;goods_desc2_100174;[0,0,0,0,45,45];icon_equip_0005;1;[500001,500002,500003];100;5;1
100175;goods_name_100175;goods_desc1_100175;goods_desc2_100175;[0,0,0,0,45,45];icon_equip_0005;1;[500001,500002,500003];100;5;1
100176;goods_name_100176;goods_desc1_100176;goods_desc2_100176;[0,0,0,0,45,45];icon_equip_0005;1;[500001,500002,500003];100;5;1
100177;goods_name_100177;goods_desc1_100177;goods_desc2_100177;[0,0,0,0,45,45];icon_equip_0005;1;[500001,500002,500003];100;5;1
100178;goods_name_100178;goods_desc1_100178;goods_desc2_100178;[0,0,0,0,45,45];icon_equip_0005;1;[500001,500002,500003];100;5;1
100179;goods_name_100179;goods_desc1_100179;goods_desc2_100179;[0,0,0,0,45,45];icon_equip_0005;1;[500001,500002,500003];100;5;1
100180;goods_name_100180;goods_desc1_100180;goods_desc2_100180;[0,0,0,0,45,45];icon_equip_0005;1;[500001,500002,500003];100;5;1
100181;goods_name_100181;goods_desc1_100181;goods_desc2_100181;[0,0,0,0,45,45];icon_equip_0005;1;[500001,500002,500003];100;5;1
100182;goods_name_100182;goods_desc1_100182;goods_desc2_100182;[0,0,0,0,45,45];icon_equip_0005;1;[500001,500002,500003];100;5;1
100183;goods_name_100183;goods_desc1_100183;goods_desc2_100183;[0,0,0,0,45,45];icon_equip_0005;1;[500001,500002,500003];100;5;1
100184;goods_name_100184;goods_desc1_100184;goods_desc2_100184;[0,0,0,0,45,45];icon_equip_0005;1;[500001,500002,500003];100;5;1
100185;goods_name_100185;goods_desc1_100185;goods_desc2_100185;[0,0,0,0,45,45];icon_equip_0005;1;[500001,500002,500003];100;5;1
100186;goods_name_100186;goods_desc1_100186;goods_desc2_100186;[0,0,0,0,45,45];icon_equip_0005;1;[500001,500002,500003];100;5;1
100187;goods_name_100187;goods_desc1_100187;goods_desc2_100187;[0,0,0,0,45,45];icon_equip_0005;1;[500001,500002,500003];100;5;1
100188;goods_name_100188;goods_desc1_100188;goods_desc2_100188;[0,0,0,0,45,45];icon_equip_0005;1;[500001,500002,500003];100;5;1
100189;goods_name_100189;goods_desc1_100189;goods_desc2_100189;[0,0,0,0,45,45];icon_equip_0005;1;[500001,500002,500003];100;5;1
100190;goods_name_100190;goods_desc1_100190;goods_desc2_100190;[0,0,0,0,45,45];icon_equip_0005;1;[500001,500002,500003];100;5;1
100191;goods_name_100191;goods_desc1_100191;goods_desc2_100191;;icon_equip_0005;3;[500001,500002,500003];100;5;1
100192;goods_name_100192;goods_desc1_100192;goods_desc2_100192;;icon_equip_0005;3;[500001,500002,500003];100;5;1
100193;goods_name_100193;goods_desc1_100193;goods_desc2_100193;;icon_equip_0005;3;[500001,500002,500003];100;5;1
100194;goods_name_100194;goods_desc1_100194;goods_desc2_100194;;icon_equip_0005;3;[500001,500002,500003];100;5;1
100195;goods_name_100195;goods_desc1_100195;goods_desc2_100195;;icon_equip_0005;3;[500001,500002,500003];100;5;1
100196;goods_name_100196;goods_desc1_100196;goods_desc2_100196;;icon_equip_0005;3;[500001,500002,500003];100;5;1
100197;goods_name_100197;goods_desc1_100197;goods_desc2_100197;;icon_equip_0005;3;[500001,500002,500003];100;5;1
100198;goods_name_100198;goods_desc1_100198;goods_desc2_100198;;icon_equip_0005;3;[500001,500002,500003];100;5;1
100199;goods_name_100199;goods_desc1_100199;goods_desc2_100199;;icon_equip_0005;3;[500001,500002,500003];100;5;1
100200;goods_name_100200;goods_desc1_100200;goods_desc2_100200;;icon_equip_0005;3;[500001,500002,500003];100;5;1
100201;goods_name_100201;goods_desc1_100201;goods_desc2_100201;;icon_equip_0005;3;[500001,500002,500003];100;5;1
100202;goods_name_100202;goods_desc1_100202;goods_desc2_100202;;icon_equip_0005;3;[500001,500002,500003];100;5;1
100203;goods_name_100203;goods_desc1_100203;goods_desc2_100203;;icon_equip_0005;3;[500001,500002,500003];100;5;1
100204;goods_name_100204;goods_desc1_100204;goods_desc2_100204;;icon_equip_0005;3;[500001,500002,500003];100;5;1
100205;goods_name_100205;goods_desc1_100205;goods_desc2_100205;;icon_equip_0005;3;[500001,500002,500003];100;5;1
100206;goods_name_100206;goods_desc1_100206;goods_desc2_100206;;icon_equip_0005;3;[500001,500002,500003];100;5;1
100207;goods_name_100207;goods_desc1_100207;goods_desc2_100207;;icon_equip_0005;3;[500001,500002,500003];100;5;1
100208;goods_name_100208;goods_desc1_100208;goods_desc2_100208;;icon_equip_0005;3;[500001,500002,500003];100;5;1
100209;goods_name_100209;goods_desc1_100209;goods_desc2_100209;;icon_equip_0005;3;[500001,500002,500003];100;5;1
100210;goods_name_100210;goods_desc1_100210;goods_desc2_100210;;icon_equip_0005;3;[500001,500002,500003];100;5;1
100211;goods_name_100211;goods_desc1_100211;goods_desc2_100211;;icon_equip_0005;3;[500001,500002,500003];100;5;1
100212;goods_name_100212;goods_desc1_100212;goods_desc2_100212;;icon_equip_0005;3;[500001,500002,500003];100;5;1
100213;goods_name_100213;goods_desc1_100213;goods_desc2_100213;;icon_equip_0005;3;[500001,500002,500003];100;5;1
100214;goods_name_100214;goods_desc1_100214;goods_desc2_100214;;icon_equip_0005;3;[500001,500002,500003];100;5;1
100215;goods_name_100215;goods_desc1_100215;goods_desc2_100215;;icon_equip_0005;3;[500001,500002,500003];100;5;1
100216;goods_name_100216;goods_desc1_100216;goods_desc2_100216;;icon_equip_0005;3;[500001,500002,500003];100;5;1
100217;goods_name_100217;goods_desc1_100217;goods_desc2_100217;;icon_equip_0005;3;[500001,500002,500003];100;5;1
100218;goods_name_100218;goods_desc1_100218;goods_desc2_100218;;icon_equip_0005;3;[500001,500002,500003];100;5;1
100219;goods_name_100219;goods_desc1_100219;goods_desc2_100219;;icon_equip_0005;3;[500001,500002,500003];100;5;1
100220;goods_name_100220;goods_desc1_100220;goods_desc2_100220;;icon_equip_0005;3;[500001,500002,500003];100;5;1
100221;goods_name_100221;goods_desc1_100221;goods_desc2_100221;;icon_equip_0005;3;[500001,500002,500003];100;5;1
100222;goods_name_100222;goods_desc1_100222;goods_desc2_100222;;icon_equip_0005;3;[500001,500002,500003];100;5;1
100223;goods_name_100223;goods_desc1_100223;goods_desc2_100223;;icon_equip_0005;3;[500001,500002,500003];100;5;1
100224;goods_name_100224;goods_desc1_100224;goods_desc2_100224;;icon_equip_0005;3;[500001,500002,500003];100;5;1
100225;goods_name_100225;goods_desc1_100225;goods_desc2_100225;;icon_equip_0005;3;[500001,500002,500003];100;5;1
100226;goods_name_100226;goods_desc1_100226;goods_desc2_100226;;icon_equip_0005;3;[500001,500002,500003];100;5;1
100227;goods_name_100227;goods_desc1_100227;goods_desc2_100227;;icon_equip_0005;3;[500001,500002,500003];100;5;1
100228;goods_name_100228;goods_desc1_100228;goods_desc2_100228;;icon_equip_0005;3;[500001,500002,500003];100;5;1
100229;goods_name_100229;goods_desc1_100229;goods_desc2_100229;;icon_equip_0005;3;[500001,500002,500003];100;5;1
100230;goods_name_100230;goods_desc1_100230;goods_desc2_100230;;icon_equip_0005;3;[500001,500002,500003];100;5;1
100231;goods_name_100231;goods_desc1_100231;goods_desc2_100231;;icon_equip_0005;3;[500001,500002,500003];100;5;1
100232;goods_name_100232;goods_desc1_100232;goods_desc2_100232;;icon_equip_0005;3;[500001,500002,500003];100;5;1
100233;goods_name_100233;goods_desc1_100233;goods_desc2_100233;;icon_equip_0005;3;[500001,500002,500003];100;5;1
100234;goods_name_100234;goods_desc1_100234;goods_desc2_100234;;icon_equip_0005;3;[500001,500002,500003];100;5;1
100235;goods_name_100235;goods_desc1_100235;goods_desc2_100235;;icon_equip_0005;3;[500001,500002,500003];100;5;1
100236;goods_name_100236;goods_desc1_100236;goods_desc2_100236;;icon_equip_0005;3;[500001,500002,500003];100;5;1
100237;goods_name_100237;goods_desc1_100237;goods_desc2_100237;;icon_equip_0005;3;[500001,500002,500003];100;5;1
100238;goods_name_100238;goods_desc1_100238;goods_desc2_100238;;icon_equip_0005;3;[500001,500002,500003];100;5;1
100239;goods_name_100239;goods_desc1_100239;goods_desc2_100239;;icon_equip_0005;3;[500001,500002,500003];100;5;1
100240;goods_name_100240;goods_desc1_100240;goods_desc2_100240;;icon_equip_0005;3;[500001,500002,500003];100;5;1
100241;goods_name_100241;goods_desc1_100241;goods_desc2_100241;;icon_equip_0005;3;[500001,500002,500003];100;5;1
100242;goods_name_100242;goods_desc1_100242;goods_desc2_100242;;icon_equip_0005;3;[500001,500002,500003];100;5;1
100243;goods_name_100243;goods_desc1_100243;goods_desc2_100243;;icon_equip_0005;3;[500001,500002,500003];100;5;1
100244;goods_name_100244;goods_desc1_100244;goods_desc2_100244;;icon_equip_0005;3;[500001,500002,500003];100;5;1
100245;goods_name_100245;goods_desc1_100245;goods_desc2_100245;;icon_equip_0005;3;[500001,500002,500003];100;5;1
100246;goods_name_100246;goods_desc1_100246;goods_desc2_100246;;icon_equip_0005;3;[500001,500002,500003];100;5;1
100247;goods_name_100247;goods_desc1_100247;goods_desc2_100247;;icon_equip_0005;3;[500001,500002,500003];100;5;1
100248;goods_name_100248;goods_desc1_100248;goods_desc2_100248;;icon_equip_0005;3;[500001,500002,500003];100;5;1
100249;goods_name_100249;goods_desc1_100249;goods_desc2_100249;;icon_equip_0005;3;[500001,500002,500003];100;5;1
100250;goods_name_100250;goods_desc1_100250;goods_desc2_100250;;icon_equip_0005;3;[500001,500002,500003];100;5;1
100251;goods_name_100251;goods_desc1_100251;goods_desc2_100251;;icon_equip_0005;3;[500001,500002,500003];100;5;1
100252;goods_name_100252;goods_desc1_100252;goods_desc2_100252;;icon_equip_0005;3;[500001,500002,500003];100;5;1
100253;goods_name_100253;goods_desc1_100253;goods_desc2_100253;;icon_equip_0005;3;[500001,500002,500003];100;5;1
100254;goods_name_100254;goods_desc1_100254;goods_desc2_100254;;icon_equip_0005;3;[500001,500002,500003];100;5;1
100255;goods_name_100255;goods_desc1_100255;goods_desc2_100255;;icon_equip_0005;3;[500001,500002,500003];100;5;1
100256;goods_name_100256;goods_desc1_100256;goods_desc2_100256;;icon_equip_0005;3;[500001,500002,500003];100;5;1
100257;goods_name_100257;goods_desc1_100257;goods_desc2_100257;;icon_equip_0005;3;[500001,500002,500003];100;5;1
100258;goods_name_100258;goods_desc1_100258;goods_desc2_100258;;icon_equip_0005;3;[500001,500002,500003];100;5;1
100259;goods_name_100259;goods_desc1_100259;goods_desc2_100259;;icon_equip_0005;3;[500001,500002,500003];100;5;1
100260;goods_name_100260;goods_desc1_100260;goods_desc2_100260;;icon_equip_0005;3;[500001,500002,500003];100;5;1
100261;goods_name_100261;goods_desc1_100261;goods_desc2_100261;;icon_equip_0005;3;[500001,500002,500003];100;5;1
100262;goods_name_100262;goods_desc1_100262;goods_desc2_100262;;icon_equip_0005;3;[500001,500002,500003];100;5;1
100263;goods_name_100263;goods_desc1_100263;goods_desc2_100263;;icon_equip_0005;3;[500001,500002,500003];100;5;1
100264;goods_name_100264;goods_desc1_100264;goods_desc2_100264;;icon_equip_0005;3;[500001,500002,500003];100;5;1
100265;goods_name_100265;goods_desc1_100265;goods_desc2_100265;;icon_equip_0005;3;[500001,500002,500003];100;5;1
100266;goods_name_100266;goods_desc1_100266;goods_desc2_100266;;icon_equip_0005;3;[500001,500002,500003];100;5;1
100267;goods_name_100267;goods_desc1_100267;goods_desc2_100267;;icon_equip_0005;3;[500001,500002,500003];100;5;1
100268;goods_name_100268;goods_desc1_100268;goods_desc2_100268;;icon_equip_0005;3;[500001,500002,500003];100;5;1
100269;goods_name_100269;goods_desc1_100269;goods_desc2_100269;;icon_equip_0005;3;[500001,500002,500003];100;5;1
100270;goods_name_100270;goods_desc1_100270;goods_desc2_100270;;icon_equip_0005;3;[500001,500002,500003];100;5;1
100271;goods_name_100271;goods_desc1_100271;goods_desc2_100271;;icon_equip_0005;3;[500001,500002,500003];100;5;1
100272;goods_name_100272;goods_desc1_100272;goods_desc2_100272;;icon_equip_0005;3;[500001,500002,500003];100;5;1
100273;goods_name_100273;goods_desc1_100273;goods_desc2_100273;;icon_equip_0005;3;[500001,500002,500003];100;5;1
100274;goods_name_100274;goods_desc1_100274;goods_desc2_100274;;icon_equip_0005;3;[500001,500002,500003];100;5;1
100275;goods_name_100275;goods_desc1_100275;goods_desc2_100275;;icon_equip_0005;3;[500001,500002,500003];100;5;1
100276;goods_name_100276;goods_desc1_100276;goods_desc2_100276;;icon_equip_0005;3;[500001,500002,500003];100;5;1
100277;goods_name_100277;goods_desc1_100277;goods_desc2_100277;;icon_equip_0005;3;[500001,500002,500003];100;5;1
100278;goods_name_100278;goods_desc1_100278;goods_desc2_100278;;icon_equip_0005;3;[500001,500002,500003];100;5;1
100279;goods_name_100279;goods_desc1_100279;goods_desc2_100279;;icon_equip_0005;3;[500001,500002,500003];100;5;1
100280;goods_name_100280;goods_desc1_100280;goods_desc2_100280;;icon_equip_0005;3;[500001,500002,500003];100;5;1
100281;goods_name_100281;goods_desc1_100281;goods_desc2_100281;;icon_equip_0005;3;[500001,500002,500003];100;5;1
100282;goods_name_100282;goods_desc1_100282;goods_desc2_100282;;icon_equip_0005;3;[500001,500002,500003];100;5;1
100283;goods_name_100283;goods_desc1_100283;goods_desc2_100283;;icon_equip_0005;3;[500001,500002,500003];100;5;1
100284;goods_name_100284;goods_desc1_100284;goods_desc2_100284;;icon_equip_0005;3;[500001,500002,500003];100;5;1
100285;goods_name_100285;goods_desc1_100285;goods_desc2_100285;;icon_equip_0005;3;[500001,500002,500003];100;5;1
100286;goods_name_100286;goods_desc1_100286;goods_desc2_100286;;icon_equip_0005;3;[500001,500002,500003];100;5;1
100287;goods_name_100287;goods_desc1_100287;goods_desc2_100287;;icon_equip_0005;3;[500001,500002,500003];100;5;1
100288;goods_name_100288;goods_desc1_100288;goods_desc2_100288;;icon_equip_0005;3;[500001,500002,500003];100;5;1
100289;goods_name_100289;goods_desc1_100289;goods_desc2_100289;;icon_equip_0005;3;[500001,500002,500003];100;5;1
100290;goods_name_100290;goods_desc1_100290;goods_desc2_100290;;icon_equip_0005;3;[500001,500002,500003];100;5;1
100291;goods_name_100291;goods_desc1_100291;goods_desc2_100291;;icon_equip_0005;3;[500001,500002,500003];100;5;1
100292;goods_name_100292;goods_desc1_100292;goods_desc2_100292;;icon_equip_0005;3;[500001,500002,500003];100;5;1
100293;goods_name_100293;goods_desc1_100293;goods_desc2_100293;;icon_equip_0005;3;[500001,500002,500003];100;5;1
100294;goods_name_100294;goods_desc1_100294;goods_desc2_100294;;icon_equip_0005;3;[500001,500002,500003];100;5;1
100295;goods_name_100295;goods_desc1_100295;goods_desc2_100295;;icon_equip_0005;3;[500001,500002,500003];100;5;1
100296;goods_name_100296;goods_desc1_100296;goods_desc2_100296;;icon_equip_0005;3;[500001,500002,500003];100;5;1
100297;goods_name_100297;goods_desc1_100297;goods_desc2_100297;;icon_equip_0005;3;[500001,500002,500003];100;5;1
100298;goods_name_100298;goods_desc1_100298;goods_desc2_100298;;icon_equip_0005;3;[500001,500002,500003];100;5;1
100299;goods_name_100299;goods_desc1_100299;goods_desc2_100299;;icon_equip_0005;3;[500001,500002,500003];100;5;1
100300;goods_name_100300;goods_desc1_100300;goods_desc2_100300;;icon_equip_0005;3;[500001,500002,500003];100;5;1
100301;goods_name_100301;goods_desc1_100301;goods_desc2_100301;;icon_equip_0005;3;[500001,500002,500003];100;5;1
100302;goods_name_100302;goods_desc1_100302;goods_desc2_100302;;icon_equip_0005;3;[500001,500002,500003];100;5;1
100303;goods_name_100303;goods_desc1_100303;goods_desc2_100303;;icon_equip_0005;3;[500001,500002,500003];100;5;1
100304;goods_name_100304;goods_desc1_100304;goods_desc2_100304;;icon_equip_0005;3;[500001,500002,500003];100;5;1
100305;goods_name_100305;goods_desc1_100305;goods_desc2_100305;;icon_equip_0005;3;[500001,500002,500003];100;5;1
100306;goods_name_100306;goods_desc1_100306;goods_desc2_100306;;icon_equip_0005;3;[500001,500002,500003];100;5;1
100307;goods_name_100307;goods_desc1_100307;goods_desc2_100307;;icon_equip_0005;3;[500001,500002,500003];100;5;1
100308;goods_name_100308;goods_desc1_100308;goods_desc2_100308;;icon_equip_0005;3;[500001,500002,500003];100;5;1
100309;goods_name_100309;goods_desc1_100309;goods_desc2_100309;;icon_equip_0005;3;[500001,500002,500003];100;5;1
100310;goods_name_100310;goods_desc1_100310;goods_desc2_100310;;icon_equip_0005;3;[500001,500002,500003];100;5;1
100311;goods_name_100311;goods_desc1_100311;goods_desc2_100311;;icon_equip_0005;3;[500001,500002,500003];100;5;1
100312;goods_name_100312;goods_desc1_100312;goods_desc2_100312;;icon_equip_0005;3;[500001,500002,500003];100;5;1
100313;goods_name_100313;goods_desc1_100313;goods_desc2_100313;;icon_equip_0005;3;[500001,500002,500003];100;5;1
100314;goods_name_100314;goods_desc1_100314;goods_desc2_100314;;icon_equip_0005;3;[500001,500002,500003];100;5;1
100315;goods_name_100315;goods_desc1_100315;goods_desc2_100315;;icon_equip_0005;3;[500001,500002,500003];100;5;1
100316;goods_name_100316;goods_desc1_100316;goods_desc2_100316;;icon_equip_0005;3;[500001,500002,500003];100;5;1
100317;goods_name_100317;goods_desc1_100317;goods_desc2_100317;;icon_equip_0005;3;[500001,500002,500003];100;5;1
100318;goods_name_100318;goods_desc1_100318;goods_desc2_100318;;icon_equip_0005;3;[500001,500002,500003];100;5;1
100319;goods_name_100319;goods_desc1_100319;goods_desc2_100319;;icon_equip_0005;3;[500001,500002,500003];100;5;1
100320;goods_name_100320;goods_desc1_100320;goods_desc2_100320;;icon_equip_0005;3;[500001,500002,500003];100;5;1
100321;goods_name_100321;goods_desc1_100321;goods_desc2_100321;;icon_equip_0005;3;[500001,500002,500003];100;5;1
100322;goods_name_100322;goods_desc1_100322;goods_desc2_100322;;icon_equip_0005;3;[500001,500002,500003];100;5;1
100323;goods_name_100323;goods_desc1_100323;goods_desc2_100323;;icon_equip_0005;3;[500001,500002,500003];100;5;1
100324;goods_name_100324;goods_desc1_100324;goods_desc2_100324;;icon_equip_0005;3;[500001,500002,500003];100;5;1
100325;goods_name_100325;goods_desc1_100325;goods_desc2_100325;;icon_equip_0005;3;[500001,500002,500003];100;5;1
100326;goods_name_100326;goods_desc1_100326;goods_desc2_100326;;icon_equip_0005;3;[500001,500002,500003];100;5;1
100327;goods_name_100327;goods_desc1_100327;goods_desc2_100327;;icon_equip_0005;3;[500001,500002,500003];100;5;1
100328;goods_name_100328;goods_desc1_100328;goods_desc2_100328;;icon_equip_0005;3;[500001,500002,500003];100;5;1
100329;goods_name_100329;goods_desc1_100329;goods_desc2_100329;;icon_equip_0005;3;[500001,500002,500003];100;5;1
100330;goods_name_100330;goods_desc1_100330;goods_desc2_100330;;icon_equip_0005;3;[500001,500002,500003];100;5;1
100331;goods_name_100331;goods_desc1_100331;goods_desc2_100331;;icon_equip_0005;3;[500001,500002,500003];100;5;1
100332;goods_name_100332;goods_desc1_100332;goods_desc2_100332;;icon_equip_0005;3;[500001,500002,500003];100;5;1
100333;goods_name_100333;goods_desc1_100333;goods_desc2_100333;;icon_equip_0005;3;[500001,500002,500003];100;5;1
100334;goods_name_100334;goods_desc1_100334;goods_desc2_100334;;icon_equip_0005;3;[500001,500002,500003];100;5;1
100335;goods_name_100335;goods_desc1_100335;goods_desc2_100335;;icon_equip_0005;3;[500001,500002,500003];100;5;1
100336;goods_name_100336;goods_desc1_100336;goods_desc2_100336;;icon_equip_0005;3;[500001,500002,500003];100;5;1
100337;goods_name_100337;goods_desc1_100337;goods_desc2_100337;;icon_equip_0005;3;[500001,500002,500003];100;5;1
100338;goods_name_100338;goods_desc1_100338;goods_desc2_100338;;icon_equip_0005;3;[500001,500002,500003];100;5;1
100339;goods_name_100339;goods_desc1_100339;goods_desc2_100339;;icon_equip_0005;3;[500001,500002,500003];100;5;1
100340;goods_name_100340;goods_desc1_100340;goods_desc2_100340;;icon_equip_0005;3;[500001,500002,500003];100;5;1
100341;goods_name_100341;goods_desc1_100341;goods_desc2_100341;;icon_equip_0005;3;[500001,500002,500003];100;5;1
100342;goods_name_100342;goods_desc1_100342;goods_desc2_100342;;icon_equip_0005;3;[500001,500002,500003];100;5;1
100343;goods_name_100343;goods_desc1_100343;goods_desc2_100343;;icon_suipian_0001;2;[500001,500002,500003];100;5;1
100344;goods_name_100344;goods_desc1_100344;goods_desc2_100344;;icon_suipian_0001;2;[500001,500002,500003];100;5;1
100345;goods_name_100345;goods_desc1_100345;goods_desc2_100345;;icon_suipian_0001;2;[500001,500002,500003];100;5;1
100346;goods_name_100346;goods_desc1_100346;goods_desc2_100346;;icon_suipian_0001;2;[500001,500002,500003];100;5;1
100347;goods_name_100347;goods_desc1_100347;goods_desc2_100347;;icon_suipian_0001;2;[500001,500002,500003];100;5;1
100348;goods_name_100348;goods_desc1_100348;goods_desc2_100348;;icon_suipian_0001;2;[500001,500002,500003];100;5;1
100349;goods_name_100349;goods_desc1_100349;goods_desc2_100349;;icon_suipian_0001;2;[500001,500002,500003];100;5;1
100350;goods_name_100350;goods_desc1_100350;goods_desc2_100350;;icon_suipian_0001;2;[500001,500002,500003];100;5;1
100351;goods_name_100351;goods_desc1_100351;goods_desc2_100351;;icon_suipian_0001;2;[500001,500002,500003];100;5;1
100352;goods_name_100352;goods_desc1_100352;goods_desc2_100352;;icon_suipian_0001;2;[500001,500002,500003];100;5;1
100353;goods_name_100353;goods_desc1_100353;goods_desc2_100353;;icon_suipian_0001;2;[500001,500002,500003];100;5;1
100354;goods_name_100354;goods_desc1_100354;goods_desc2_100354;;icon_suipian_0001;2;[500001,500002,500003];100;5;1
100355;goods_name_100355;goods_desc1_100355;goods_desc2_100355;;icon_suipian_0001;2;[500001,500002,500003];100;5;1
100356;goods_name_100356;goods_desc1_100356;goods_desc2_100356;;icon_juanzhou_0001;2;[500001,500002,500003];100;5;1
100357;goods_name_100357;goods_desc1_100357;goods_desc2_100357;;icon_baoxiang_0003;2;[500001,500002,500003];100;5;1
100358;goods_name_100358;goods_desc1_100358;goods_desc2_100358;;icon_baoxiang_0002;3;[500001,500002,500003];100;5;1
100359;goods_name_100359;goods_desc1_100359;goods_desc2_100359;;icon_baoxiang_0001;4;[500001,500002,500003];100;5;1
100360;goods_name_100360;goods_desc1_100360;goods_desc2_100360;;icon_baoxiang_0000;4;[500001,500002,500003];100;5;1
100361;goods_name_100361;goods_desc1_100361;goods_desc2_100361;;icon_baoxiang_0001;4;[500001,500002,500003];100;5;1
